timestamp,user_id,action,term,form_id,category
2025-10-01T08:12:00,1069,search,employee handbook,,Employment
2025-10-01T08:13:00,1065,download,,form_freelance_contract,Contracts
2025-10-01T08:16:00,1023,search,lease cancellation,,Housing
2025-10-01T09:14:00,1058,search,job resignation letter,,Employment
2025-10-01T12:41:00,1017,download,,form_security_refund,Housing
2025-10-01T13:46:00,1027,search,child custody,,Family
2025-10-01T15:26:00,1045,download,,form_nda,Contracts
2025-10-01T16:23:00,1013,search,breach notice,,Contracts
2025-10-01T17:29:00,1090,download,,form_rent_receipt,Housing
2025-10-01T18:16:00,1007,download,,form_tenant_rights,Housing
2025-10-01T20:14:00,1049,download,,form_lease_agreement,Housing
2025-10-01T20:48:00,1030,search,promotion letter,,Employment
2025-10-01T22:29:00,1073,search,contract renewal,,Contracts
2025-10-01T22:31:00,1022,download,,form_security_refund,Housing
2025-10-01T22:43:00,1003,search,spousal support,,Family
2025-10-02T01:50:00,1026,download,,form_freelance_contract,Contracts
2025-10-02T02:34:00,1005,search,contract renewal,,Contracts
2025-10-02T05:47:00,1100,search,freelance contract,,Contracts
2025-10-02T08:23:00,1082,download,,form_child_support,Family
2025-10-02T09:15:00,1099,download,,form_offer_letter,Employment
2025-10-02T11:06:00,1052,search,non-disclosure agreement,,Employment
2025-10-02T11:17:00,1100,download,,form_rent_increase,Housing
2025-10-02T11:34:00,1059,search,child support,,Family
2025-10-02T12:01:00,1071,download,,form_service_agreement,Contracts
2025-10-02T12:28:00,1083,search,property dispute,,Housing
2025-10-02T15:00:00,1024,search,mutual divorce,,Family
2025-10-02T16:11:00,1100,search,maintenance agreement,,Housing
2025-10-02T22:00:00,1020,search,contract renewal,,Contracts
2025-10-03T00:59:00,1072,search,marriage registration,,Family
2025-10-03T01:52:00,1027,download,,form_child_support,Family
2025-10-03T02:12:00,1058,search,repayment schedule,,Contracts
2025-10-03T02:33:00,1098,download,,form_child_support,Family
2025-10-03T04:24:00,1031,search,employee handbook,,Employment
2025-10-03T04:28:00,1095,search,marriage registration,,Family
2025-10-03T07:00:00,1067,search,job resignation letter,,Employment
2025-10-03T07:46:00,1074,search,employment termination,,Employment
2025-10-03T09:37:00,1086,download,,form_marriage_certificate,Family
2025-10-03T10:17:00,1016,download,,form_marriage_registration,Family
2025-10-03T11:33:00,1016,download,,form_breach_notice,Contracts
2025-10-03T11:54:00,1029,download,,form_divorce_settlement,Family
2025-10-03T14:07:00,1031,search,child support,,Family
2025-10-03T19:32:00,1076,search,internship agreement,,Employment
2025-10-03T21:34:00,1092,download,,form_employee_handbook,Employment
2025-10-04T00:37:00,1093,download,,form_offer_letter,Employment
2025-10-04T01:55:00,1054,download,,form_confidentiality_clause,Contracts
2025-10-04T02:25:00,1007,search,marriage registration,,Family
2025-10-04T04:28:00,1022,search,child support,,Family
2025-10-04T04:39:00,1097,download,,form_mutual_divorce,Family
2025-10-04T05:17:00,1035,download,,form_resignation_letter,Employment
2025-10-04T05:49:00,1046,download,,form_maintenance_contract,Housing
2025-10-04T05:49:00,1066,download,,form_nda,Employment
2025-10-04T07:40:00,1017,search,contract renewal,,Contracts
2025-10-04T08:01:00,1006,download,,form_nda,Employment
2025-10-04T08:22:00,1043,search,employment termination,,Employment
2025-10-04T16:19:00,1040,download,,form_inheritance,Family
2025-10-04T18:16:00,1023,search,rent increase notice,,Housing
2025-10-04T19:01:00,1085,download,,form_contract_termination,Contracts
2025-10-04T19:22:00,1068,search,property dispute,,Housing
2025-10-04T21:10:00,1047,download,,form_retirement_benefits,Employment
2025-10-04T21:45:00,1039,download,,form_adoption_request,Family
2025-10-05T01:20:00,1043,download,,form_partnership_deed,Contracts
2025-10-05T05:52:00,1013,download,,form_freelance_contract,Contracts
2025-10-05T07:11:00,1040,download,,form_lease_agreement,Housing
2025-10-05T08:29:00,1036,search,loan agreement,,Contracts
2025-10-05T10:08:00,1018,download,,form_child_support,Family
2025-10-05T10:43:00,1003,download,,form_flat_purchase,Housing
2025-10-05T11:21:00,1092,download,,form_eviction_notice,Housing
2025-10-05T11:54:00,1048,download,,form_property_dispute,Housing
2025-10-05T12:50:00,1095,download,,form_resignation_letter,Employment
2025-10-05T12:51:00,1055,search,divorce settlement,,Family
2025-10-05T12:55:00,1014,search,marriage certificate,,Family
2025-10-05T12:59:00,1079,search,lease cancellation,,Housing
2025-10-05T13:36:00,1094,search,divorce procedure,,Family
2025-10-05T14:26:00,1055,download,,form_child_custody,Family
2025-10-05T18:55:00,1076,download,,form_divorce_settlement,Family
2025-10-05T20:54:00,1057,search,marriage registration,,Family
2025-10-05T21:11:00,1051,download,,form_lease_agreement,Housing
2025-10-05T21:21:00,1021,download,,form_child_support,Family
2025-10-06T00:35:00,1060,search,freelance contract,,Contracts
2025-10-06T02:28:00,1085,download,,form_divorce_petition,Family
2025-10-06T03:04:00,1042,download,,form_property_dispute,Housing
2025-10-06T03:40:00,1012,search,internship agreement,,Employment
2025-10-06T04:57:00,1016,search,lease cancellation,,Housing
2025-10-06T06:11:00,1091,download,,form_child_custody,Family
2025-10-06T06:16:00,1079,search,maintenance agreement,,Housing
2025-10-06T06:36:00,1099,download,,form_maintenance_contract,Housing
2025-10-06T06:48:00,1098,download,,form_marriage_certificate,Family
2025-10-06T07:05:00,1050,download,,form_confidentiality_clause,Contracts
2025-10-06T10:31:00,1044,download,,form_nda,Contracts
2025-10-06T10:54:00,1083,search,child support,,Family
2025-10-06T12:21:00,1056,search,promotion letter,,Employment
2025-10-06T12:48:00,1086,search,freelance contract,,Contracts
2025-10-06T12:51:00,1070,search,confidentiality clause,,Contracts
2025-10-06T14:00:00,1054,download,,form_contract_renewal,Contracts
2025-10-06T14:22:00,1084,download,,form_leave_request,Employment
2025-10-06T15:15:00,1030,download,,form_divorce_settlement,Family
2025-10-06T17:14:00,1077,search,property dispute,,Housing
2025-10-06T17:32:00,1044,search,confidentiality clause,,Contracts
2025-10-06T18:59:00,1080,search,divorce procedure,,Family
2025-10-06T22:27:00,1089,search,rent increase notice,,Housing
2025-10-07T01:20:00,1009,download,,form_child_custody,Family
2025-10-07T01:28:00,1056,download,,form_retirement_benefits,Employment
2025-10-07T01:54:00,1011,search,family inheritance,,Family
2025-10-07T01:59:00,1032,search,employment termination,,Employment
2025-10-07T03:02:00,1028,search,employee handbook,,Employment
2025-10-07T05:35:00,1057,download,,form_child_custody,Family
2025-10-07T09:01:00,1049,search,breach notice,,Contracts
2025-10-07T09:19:00,1075,download,,form_divorce_petition,Family
2025-10-07T09:51:00,1056,download,,form_service_termination,Employment
2025-10-07T10:21:00,1005,search,contract termination,,Contracts
2025-10-07T10:44:00,1079,search,spousal support,,Family
2025-10-07T15:08:00,1080,download,,form_flat_purchase,Housing
2025-10-07T15:20:00,1009,search,retirement benefits,,Employment
2025-10-07T15:42:00,1042,download,,form_service_termination,Employment
2025-10-07T18:30:00,1087,download,,form_child_custody,Family
2025-10-07T21:43:00,1024,search,marriage registration,,Family
2025-10-07T23:08:00,1083,download,,form_spousal_support,Family
2025-10-08T00:17:00,1066,search,security deposit refund,,Housing
2025-10-08T00:50:00,1035,download,,form_resignation_letter,Employment
2025-10-08T01:02:00,1026,search,maintenance agreement,,Housing
2025-10-08T04:02:00,1095,download,,form_retirement_benefits,Employment
2025-10-08T05:15:00,1032,download,,form_lease_agreement,Housing
2025-10-08T07:13:00,1018,search,employment termination,,Employment
2025-10-08T09:04:00,1001,download,,form_confidentiality_clause,Contracts
2025-10-08T13:26:00,1025,download,,form_freelance_contract,Contracts
2025-10-08T13:27:00,1055,search,adoption process,,Family
2025-10-08T16:25:00,1075,download,,form_resignation_letter,Employment
2025-10-08T19:32:00,1048,search,breach notice,,Contracts
2025-10-08T19:39:00,1032,search,freelance contract,,Contracts
2025-10-08T20:06:00,1070,search,lease cancellation,,Housing
2025-10-08T20:57:00,1028,download,,form_spousal_support,Family
2025-10-08T21:42:00,1039,search,contract termination,,Contracts
2025-10-09T00:23:00,1008,search,divorce procedure,,Family
2025-10-09T05:28:00,1061,download,,form_lease_agreement,Housing
2025-10-09T08:09:00,1033,download,,form_marriage_registration,Family
2025-10-09T09:09:00,1048,download,,form_service_agreement,Contracts
2025-10-09T11:15:00,1012,search,nda agreement,,Contracts
2025-10-09T12:10:00,1072,search,non-disclosure agreement,,Employment
2025-10-09T12:29:00,1041,download,,form_leave_request,Employment
2025-10-09T12:51:00,1002,search,spousal support,,Family
2025-10-09T14:29:00,1008,search,rent increase notice,,Housing
2025-10-09T16:01:00,1029,download,,form_adoption_request,Family
2025-10-09T16:28:00,1061,download,,form_nda,Contracts
2025-10-09T17:20:00,1096,download,,form_lease_agreement,Housing
2025-10-09T17:45:00,1096,search,nda agreement,,Contracts
2025-10-09T20:17:00,1002,download,,form_marriage_registration,Family
2025-10-09T20:50:00,1062,search,rent increase notice,,Housing
2025-10-09T21:32:00,1004,search,non-disclosure agreement,,Employment
2025-10-10T01:25:00,1073,search,confidentiality clause,,Contracts
2025-10-10T01:59:00,1078,download,,form_maintenance_contract,Housing
2025-10-10T03:30:00,1077,download,,form_internship_agreement,Employment
2025-10-10T05:17:00,1038,download,,form_nda,Contracts
2025-10-10T05:26:00,1066,search,partnership deed,,Contracts
2025-10-10T05:41:00,1070,search,leave policy,,Employment
2025-10-10T08:16:00,1046,download,,form_retirement_benefits,Employment
2025-10-10T08:43:00,1040,download,,form_retirement_benefits,Employment
2025-10-10T10:30:00,1093,download,,form_promotion_letter,Employment
2025-10-10T12:13:00,1008,search,marriage certificate,,Family
2025-10-10T14:12:00,1006,download,,form_offer_letter,Employment
2025-10-10T17:24:00,1034,search,adoption process,,Family
2025-10-10T17:56:00,1024,download,,form_divorce_settlement,Family
2025-10-10T18:50:00,1068,search,mutual divorce,,Family
2025-10-10T22:00:00,1007,search,job resignation letter,,Employment
2025-10-10T22:04:00,1039,download,,form_loan_agreement,Contracts
2025-10-10T22:33:00,1013,search,contract termination,,Contracts
2025-10-10T23:00:00,1026,download,,form_contract_termination,Contracts
2025-10-11T00:14:00,1022,download,,form_nda,Contracts
2025-10-11T00:33:00,1009,search,nda agreement,,Contracts
2025-10-11T02:08:00,1093,search,repayment schedule,,Contracts
2025-10-11T02:22:00,1044,download,,form_repayment_schedule,Contracts
2025-10-11T02:25:00,1053,download,,form_partnership_deed,Contracts
2025-10-11T03:06:00,1011,download,,form_nda,Employment
2025-10-11T03:40:00,1069,download,,form_loan_agreement,Contracts
2025-10-11T03:48:00,1091,search,rent receipt,,Housing
2025-10-11T04:06:00,1078,search,tenant rights,,Housing
2025-10-11T09:54:00,1081,search,marriage registration,,Family
2025-10-11T13:05:00,1091,search,property dispute,,Housing
2025-10-11T13:24:00,1071,search,partnership deed,,Contracts
2025-10-11T13:32:00,1065,search,non-disclosure agreement,,Employment
2025-10-11T13:45:00,1014,search,contract termination,,Contracts
2025-10-11T14:17:00,1098,search,mutual divorce,,Family
2025-10-11T14:58:00,1050,search,tenant rights,,Housing
2025-10-11T17:06:00,1046,download,,form_freelance_contract,Contracts
2025-10-11T19:13:00,1014,download,,form_breach_notice,Contracts
2025-10-11T20:30:00,1047,search,non-disclosure agreement,,Employment
2025-10-11T21:09:00,1031,search,leave policy,,Employment
2025-10-11T22:05:00,1045,download,,form_contract_termination,Contracts
2025-10-11T22:30:00,1010,download,,form_loan_agreement,Contracts
2025-10-11T22:52:00,1064,download,,form_lease_agreement,Housing
2025-10-12T00:50:00,1053,search,repayment schedule,,Contracts
2025-10-12T00:57:00,1088,search,contract renewal,,Contracts
2025-10-12T01:00:00,1037,search,loan agreement,,Contracts
2025-10-12T03:20:00,1001,search,offer letter,,Employment
2025-10-12T03:33:00,1021,search,rent receipt,,Housing
2025-10-12T07:35:00,1028,download,,form_divorce_settlement,Family
2025-10-12T09:23:00,1069,download,,form_resignation_letter,Employment
2025-10-12T11:59:00,1099,search,child custody,,Family
2025-10-12T14:22:00,1003,download,,form_rent_receipt,Housing
2025-10-12T14:28:00,1094,download,,form_nda,Contracts
2025-10-12T17:00:00,1085,download,,form_promotion_letter,Employment
2025-10-12T17:59:00,1025,search,retirement benefits,,Employment
2025-10-12T18:02:00,1063,download,,form_nda,Contracts
2025-10-12T18:05:00,1049,search,rent receipt,,Housing
2025-10-12T18:47:00,1006,search,divorce settlement,,Family
2025-10-12T21:50:00,1087,download,,form_nda,Employment
2025-10-13T00:53:00,1010,search,job resignation letter,,Employment
2025-10-13T02:56:00,1019,download,,form_divorce_petition,Family
2025-10-13T04:07:00,1072,download,,form_tenant_rights,Housing
2025-10-13T05:15:00,1015,download,,form_breach_notice,Contracts
